id,name,contact,regDate
1,读者001,13800000001,2024/1/1
2,读者002,13800000002,2024/1/2
3,读者003,13800000003,2024/1/3
4,读者004,13800000004,2024/1/4
5,读者005,13800000005,2024/1/5
6,读者006,13800000006,2024/1/6
7,读者007,13800000007,2024/1/7
8,读者008,13800000008,2024/1/8
9,读者009,13800000009,2024/1/9
10,读者010,13800000010,2024/1/10
11,读者011,13800000011,2024/1/11
12,读者012,13800000012,2024/1/12
13,读者013,13800000013,2024/1/13
14,读者014,13800000014,2024/1/14
15,读者015,13800000015,2024/1/15
16,读者016,13800000016,2024/1/16
17,读者017,13800000017,2024/1/17
18,读者018,13800000018,2024/1/18
19,读者019,13800000019,2024/1/19
20,读者020,13800000020,2024/1/20
21,读者021,13800000021,2024/1/21
22,读者022,13800000022,2024/1/22
23,读者023,13800000023,2024/1/23
24,读者024,13800000024,2024/1/24
25,读者025,13800000025,2024/1/25
26,读者026,13800000026,2024/1/26
27,读者027,13800000027,2024/1/27
28,读者028,13800000028,2024/1/28
29,读者029,13800000029,2024/1/29
30,读者030,13800000030,2024/1/30
31,读者031,13800000031,2024/1/31
32,读者032,13800000032,2024/2/1
33,读者033,13800000033,2024/2/2
34,读者034,13800000034,2024/2/3
35,读者035,13800000035,2024/2/4
36,读者036,13800000036,2024/2/5
37,读者037,13800000037,2024/2/6
38,读者038,13800000038,2024/2/7
39,读者039,13800000039,2024/2/8
40,读者040,13800000040,2024/2/9
41,读者041,13800000041,2024/2/10
42,读者042,13800000042,2024/2/11
43,读者043,13800000043,2024/2/12
44,读者044,13800000044,2024/2/13
45,读者045,13800000045,2024/2/14
46,读者046,13800000046,2024/2/15
47,读者047,13800000047,2024/2/16
48,读者048,13800000048,2024/2/17
49,读者049,13800000049,2024/2/18
50,读者050,13800000050,2024/2/19
51,读者051,13800000051,2024/2/20
52,读者052,13800000052,2024/2/21
53,读者053,13800000053,2024/2/22
54,读者054,13800000054,2024/2/23
55,读者055,13800000055,2024/2/24
56,读者056,13800000056,2024/2/25
57,读者057,13800000057,2024/2/26
58,读者058,13800000058,2024/2/27
59,读者059,13800000059,2024/2/28
60,读者060,13800000060,2024/2/29
61,读者061,13800000061,2024/3/1
62,读者062,13800000062,2024/3/2
63,读者063,13800000063,2024/3/3
64,读者064,13800000064,2024/3/4
65,读者065,13800000065,2024/3/5
66,读者066,13800000066,2024/3/6
67,读者067,13800000067,2024/3/7
68,读者068,13800000068,2024/3/8
69,读者069,13800000069,2024/3/9
70,读者070,13800000070,2024/3/10
71,读者071,13800000071,2024/3/11
72,读者072,13800000072,2024/3/12
73,读者073,13800000073,2024/3/13
74,读者074,13800000074,2024/3/14
75,读者075,13800000075,2024/3/15
76,读者076,13800000076,2024/3/16
77,读者077,13800000077,2024/3/17
78,读者078,13800000078,2024/3/18
79,读者079,13800000079,2024/3/19
80,读者080,13800000080,2024/3/20
81,读者081,13800000081,2024/3/21
82,读者082,13800000082,2024/3/22
83,读者083,13800000083,2024/3/23
84,读者084,13800000084,2024/3/24
85,读者085,13800000085,2024/3/25
86,读者086,13800000086,2024/3/26
87,读者087,13800000087,2024/3/27
88,读者088,13800000088,2024/3/28
89,读者089,13800000089,2024/3/29
90,读者090,13800000090,2024/3/30
91,读者091,13800000091,2024/3/31
92,读者092,13800000092,2024/4/1
93,读者093,13800000093,2024/4/2
94,读者094,13800000094,2024/4/3
95,读者095,13800000095,2024/4/4
96,读者096,13800000096,2024/4/5
97,读者097,13800000097,2024/4/6
98,读者098,13800000098,2024/4/7
99,读者099,13800000099,2024/4/8
100,读者100,13800000100,2024/4/9
